n_estimators,max_depth,min_samples_split,min_samples_leaf,class_weight,Precision nivel1,Precision nivel2,Precision nivel3,Precision nivel4,Recall nivel1,Recall nivel2,Recall nivel3,Recall nivel4,Drugs that have at least one match,F1 nivel1
50,None,2,1,None,0.4011065006915628,0.5444096133751304,0.6304675716440421,0.7044989775051125,0.6441908713692946,0.6824451410658307,0.7322775263951734,0.8220858895705522,"[319, 221, 163, 135]",0.4943839965520222
500,None,2,1,None,0.3976486860304289,0.5684713375796178,0.6292834890965733,0.5245398773006134,0.6383125864453666,0.6673036093418259,0.7523364485981309,0.6687116564417178,"[314, 214, 163, 109]",0.49002635140999445
50,20,2,1,None,0.3976486860304285,0.5566239316239315,0.6527777777777779,0.497979797979798,0.632088520055325,0.6865384615384615,0.7492283950617283,0.6393939393939394,"[312, 216, 165, 106]",0.4881811941327223
500,40,2,1,None,0.3934993084370681,0.5408704883227176,0.6720930232558141,0.6242603550295858,0.6358921161825726,0.6773885350318471,0.7705426356589147,0.7337278106508875,"[314, 215, 169, 126]",0.4861573585594679
50,40,2,1,None,0.3872752420470262,0.5395569620253167,0.638095238095238,0.6475583864118897,0.6407330567081604,0.6572784810126582,0.7349206349206349,0.7898089171974523,"[316, 210, 157, 125]",0.4827588452829731
100,40,2,1,None,0.3921161825726142,0.5637254901960783,0.6976744186046512,0.560693641618497,0.6172199170124482,0.6983660130718954,0.7875968992248061,0.7052023121387283,"[306, 215, 173, 123]",0.4795665542254993
50,40,2,2,None,0.3782849239280775,0.4994791666666668,0.6018998272884284,0.5611510791366906,0.644536652835408,0.5959375,0.7046632124352331,0.6906474820143885,"[320, 193, 139, 97]",0.4767566586896122
100,None,2,2,None,0.3782849239280775,0.5181623931623931,0.5912106135986733,0.5497685185185185,0.6282849239280774,0.6352564102564102,0.697346600331675,0.6631944444444444,"[312, 201, 144, 96]",0.4722388916367687
500,20,2,1,None,0.3872752420470262,0.5766666666666668,0.5942028985507246,0.5761589403973509,0.6044260027662517,0.6773333333333333,0.7246376811594203,0.7185430463576159,"[300, 207, 151, 109]",0.47207609700014075
500,20,2,2,None,0.3803596127247581,0.4913419913419913,0.6286701208981001,0.5659722222222222,0.622060857538036,0.6175324675324675,0.7305699481865283,0.6388888888888888,"[308, 193, 144, 93]",0.4720710198632906
50,None,5,1,None,0.3845089903181186,0.5244444444444446,0.6532663316582916,0.522075055187638,0.6054633471645919,0.6517777777777778,0.7479061976549413,0.6390728476821192,"[300, 199, 151, 97]",0.4703284960160852
50,None,5,2,None,0.3713692946058091,0.4884488448844885,0.5837789661319074,0.4871794871794872,0.6137621023513139,0.6079207920792079,0.67825311942959,0.5884615384615385,"[303, 187, 130, 77]",0.4627451722887407
100,40,5,1,None,0.3699861687413558,0.5272331154684096,0.6077943615257049,0.5655172413793104,0.6151452282157676,0.6493464052287581,0.7081260364842453,0.6758620689655173,"[306, 201, 145, 99]",0.46206064878264075
100,None,5,2,None,0.3658367911479945,0.501628664495114,0.6180555555555556,0.5345238095238095,0.6224066390041494,0.614657980456026,0.7152777777777777,0.65,"[307, 192, 140, 91]",0.46081611201286915
500,None,5,1,None,0.3623789764868602,0.5235042735042734,0.6040609137055838,0.5785024154589372,0.6310511756569847,0.6219017094017094,0.6920473773265651,0.678743961352657,"[312, 197, 138, 95]",0.46038401119980493
500,None,2,1,balanced,0.3644536652835408,0.5669882100750268,0.6412698412698411,0.5902335456475584,0.6244813278008298,0.6694533762057877,0.7404761904761903,0.7038216560509554,"[311, 210, 157, 111]",0.46028204160984243
100,20,5,2,None,0.3692946058091287,0.5111111111111112,0.5686274509803921,0.4752604166666667,0.6078838174273858,0.614,0.6746880570409982,0.5859375,"[300, 187, 128, 76]",0.45946207856507304
50,40,5,1,None,0.3692946058091287,0.5537098560354373,0.6770833333333334,0.5341614906832298,0.6051175656984786,0.6789590254706533,0.7596153846153845,0.6614906832298136,"[301, 208, 161, 108]",0.45866966654788877
500,None,2,2,None,0.3651452282157673,0.5291529152915291,0.6088777219430486,0.5528169014084507,0.6127247579529738,0.6466446644664466,0.6993299832495812,0.6795774647887324,"[303, 199, 142, 97]",0.4575935957555445
50,None,2,1,balanced,0.3589211618257259,0.5702614379084968,0.6384863123993562,0.5414012738853501,0.6189488243430153,0.668409586056645,0.7439613526570048,0.6581740976645435,"[306, 207, 157, 105]",0.45436271546538165
100,None,5,1,None,0.3623789764868604,0.5215946843853818,0.6301020408163265,0.5697399527186761,0.6044260027662517,0.637984496124031,0.7040816326530611,0.6843971631205674,"[301, 196, 141, 97]",0.4531033268233418
500,40,2,2,None,0.3623789764868602,0.4794444444444444,0.6022099447513813,0.5393700787401575,0.6037344398340247,0.594,0.6878453038674033,0.6692913385826772,"[300, 181, 127, 86]",0.4529088711138568
100,40,5,2,None,0.356154910096819,0.5239651416122004,0.6354166666666666,0.5531914893617021,0.6168741355463346,0.6161220043572985,0.7161458333333331,0.6666666666666666,"[306, 192, 141, 94]",0.45158518806874554
50,None,2,2,None,0.3561549100968189,0.5044004400440044,0.6155913978494624,0.5426065162907269,0.6096127247579529,0.6062706270627062,0.7007168458781361,0.6804511278195489,"[303, 186, 133, 91]",0.44962485248885903
50,20,5,2,None,0.3568464730290457,0.4933774834437087,0.6827094474153298,0.5022988505747127,0.6071922544951591,0.6129139072847682,0.7602495543672014,0.6241379310344828,"[302, 187, 145, 92]",0.44951392154878356
50,20,2,2,None,0.3596127247579529,0.5336700336700337,0.609715242881072,0.5203836930455636,0.5992392807745506,0.66341189674523,0.6817420435510887,0.60431654676259,"[297, 199, 139, 86]",0.4494834850382492
500,20,5,1,None,0.3554633471645919,0.5627777777777777,0.6080858085808581,0.552927927927928,0.6044260027662517,0.6606666666666666,0.7136963696369637,0.6756756756756757,"[300, 202, 148, 101]",0.4476584516165033
50,20,5,1,None,0.3582295988934996,0.5665529010238909,0.622112211221122,0.5102040816326532,0.5916320885200553,0.6798634812286689,0.7120462046204621,0.6292517006802721,"[293, 202, 147, 93]",0.44625470965182207
500,20,5,2,None,0.3526970954356845,0.5105908584169453,0.6153846153846153,0.5127226463104325,0.6071922544951591,0.5954292084726868,0.7087912087912088,0.648854961832061,"[299, 182, 131, 86]",0.44620756454255195
100,20,5,1,None,0.3526970954356848,0.5333333333333333,0.5952380952380953,0.5691358024691358,0.601313969571231,0.6473333333333333,0.6802721088435373,0.6666666666666666,"[300, 196, 135, 90]",0.44461054654777504
500,40,2,1,balanced,0.3468188105117565,0.553131991051454,0.611965811965812,0.5719424460431655,0.6058091286307054,0.6466442953020134,0.6948717948717948,0.6942446043165468,"[298, 195, 139, 97]",0.4411082076345535
100,20,2,2,None,0.3520055325034578,0.5187713310580205,0.6131578947368421,0.4877450980392157,0.5899031811894883,0.6389078498293514,0.7078947368421052,0.6102941176470589,"[293, 190, 136, 84]",0.4409114819756968
500,40,2,2,balanced,0.3354080221300135,0.4736842105263157,0.6032196969696969,0.5501355013550134,0.612033195020747,0.5680921052631579,0.6856060606060606,0.6463414634146342,"[304, 176, 123, 80]",0.43333737165702496
50,None,5,1,balanced,0.3395573997233746,0.5158730158730158,0.5885964912280701,0.5262467191601049,0.5940525587828492,0.6259637188208617,0.6535087719298245,0.6377952755905512,"[294, 190, 127, 81]",0.43211823164796864
500,None,5,1,balanced,0.3312586445366528,0.4782359679266895,0.6070075757575757,0.5347222222222222,0.5899031811894883,0.5901489117983963,0.6723484848484849,0.6583333333333333,"[291, 176, 120, 80]",0.42426970539003733
100,20,2,1,balanced,0.3278008298755185,0.5154109589041096,0.5962962962962963,0.4145658263305322,0.5843706777316735,0.6045662100456621,0.6583333333333333,0.5336134453781513,"[292, 180, 119, 64]",0.42000257959789716
100,40,5,1,balanced,0.3236514522821576,0.5289598108747045,0.593632958801498,0.5551075268817205,0.5695020746887967,0.624822695035461,0.6807116104868913,0.6612903225806451,"[282, 178, 124, 82]",0.4127401795653996
100,None,2,2,balanced,0.3139695712309819,0.4648212226066898,0.6050505050505051,0.5511695906432749,0.579875518672199,0.5629757785467128,0.6737373737373736,0.6271929824561403,"[289, 165, 114, 72]",0.40737096398789685
50,40,5,1,balanced,0.3070539419087137,0.5171821305841924,0.6031307550644568,0.5,0.5857538035961272,0.6054982817869415,0.6574585635359116,0.6083333333333333,"[291, 181, 120, 73]",0.4029042429073284
500,40,5,2,balanced,0.310511756569848,0.4651300236406619,0.5362318840579711,0.5032679738562091,0.5695020746887965,0.555791962174941,0.6169772256728778,0.5686274509803921,"[282, 161, 102, 58]",0.40189615958392105
100,None,5,2,balanced,0.30567081604426,0.4538369304556355,0.5880503144654089,0.5412698412698413,0.5601659751037344,0.5618705035971222,0.6373165618448637,0.6285714285714286,"[278, 159, 105, 67]",0.3955165511115824
100,40,2,2,balanced,0.3056708160442601,0.4921497584541062,0.6209349593495935,0.5666666666666668,0.5522130013831259,0.5822463768115942,0.6941056910569106,0.6753623188405796,"[276, 164, 115, 78]",0.3935157543109096
500,None,5,2,balanced,0.3022130013831257,0.483754512635379,0.6298568507157464,0.5178571428571429,0.5622406639004149,0.5801444043321299,0.6748466257668712,0.6294642857142857,"[277, 163, 112, 71]",0.39311867219916996
100,40,5,2,balanced,0.2952973720608574,0.4914529914529916,0.5991820040899796,0.4828660436137072,0.5501383125864454,0.5813186813186813,0.640081799591002,0.5607476635514018,"[273, 163, 107, 60]",0.3843092997536394
50,None,2,2,balanced,0.2828492392807744,0.5185185185185186,0.5898989898989899,0.5045454545454545,0.5473720608575381,0.5903703703703704,0.6565656565656566,0.6090909090909091,"[270, 165, 110, 67]",0.3729698840328745
50,20,2,2,balanced,0.2814661134163205,0.4419475655430712,0.5186480186480186,0.4090909090909091,0.5376901798063625,0.5225967540574282,0.6002331002331002,0.4715909090909091,"[267, 143, 88, 42]",0.36950595724979196
50,20,5,1,balanced,0.2759336099585059,0.4707379134860052,0.535632183908046,0.4147727272727273,0.526625172890733,0.5427480916030534,0.603448275862069,0.4943181818181818,"[262, 145, 88, 44]",0.36212571130271837
100,20,2,2,balanced,0.2738589211618257,0.4416666666666666,0.5690476190476191,0.367816091954023,0.520746887966805,0.528974358974359,0.6023809523809524,0.4482758620689655,"[260, 140, 87, 39]",0.35894824653586554
50,20,5,2,balanced,0.2524204702627936,0.4404309252217997,0.5352798053527981,0.3290043290043289,0.5269709543568465,0.5096324461343472,0.5571776155717761,0.3636363636363636,"[263, 137, 77, 28]",0.3413387725647716
100,20,5,2,balanced,0.2413554633471644,0.4218967921896792,0.5743801652892562,0.3506493506493506,0.4795988934993084,0.502092050209205,0.6046831955922866,0.3896103896103896,"[239, 121, 77, 30]",0.3211127363669229
